Time, Latitude, Longitude, Dust(ug/m3), Humidity, Temp (C)
26/10/2016 18:48:41,69.682121,18.978985,-88.98,21.00,20.00
26/10/2016 18:48:44,69.682114,18.978952,-95.70,22.00,17.00
26/10/2016 18:48:47,69.682114,18.978891,-99.06,22.00,17.00
26/10/2016 18:48:50,69.682106,18.978865,-98.22,22.00,17.00
26/10/2016 18:48:53,69.682106,18.978865,-98.22,21.00,16.00
26/10/2016 18:48:53,69.682106,18.978865,-98.22,22.00,17.00
26/10/2016 18:48:53,69.682106,18.978865,-85.62,21.00,16.00
26/10/2016 18:49:1,69.682083,18.978981,-98.22,22.00,17.00
26/10/2016 18:49:4,69.682076,18.978945,-99.06,22.00,17.00
26/10/2016 18:49:7,69.682091,18.978626,-98.22,21.00,16.00
26/10/2016 18:49:10,69.682098,18.978216,-99.90,21.00,15.00
26/10/2016 18:49:13,69.682098,18.978216,-98.22,22.00,17.00
26/10/2016 18:49:13,69.682098,18.978216,-99.06,22.00,15.00
26/10/2016 18:49:13,69.682098,18.978216,-78.06,22.00,17.00
26/10/2016 18:49:18,69.682098,18.978216,-93.18,22.00,17.00
26/10/2016 18:49:21,69.682098,18.978216,-99.06,22.00,17.00
26/10/2016 18:49:21,69.682098,18.978216,-83.94,22.00,17.00
26/10/2016 18:49:23,69.682098,18.978216,-99.90,22.00,16.00
26/10/2016 18:49:28,69.682098,18.978216,-98.22,22.00,18.00
26/10/2016 18:49:30,69.682098,18.978216,-95.70,22.00,18.00
26/10/2016 18:49:30,69.682098,18.978216,-98.22,22.00,15.00
26/10/2016 18:49:33,69.682098,18.978216,-99.90,22.00,17.00
26/10/2016 18:49:40,69.682098,18.978216,-93.18,22.00,17.00
26/10/2016 18:49:40,69.682098,18.978216,-99.90,21.00,16.00
26/10/2016 18:49:40,69.682098,18.978216,-73.86,22.00,17.00
26/10/2016 18:49:45,69.682098,18.978216,-99.90,22.00,17.00
26/10/2016 18:49:48,69.682098,18.978216,-78.06,22.00,16.00
26/10/2016 18:49:48,69.682098,18.978216,-98.22,22.00,16.00
26/10/2016 18:49:50,69.682098,18.978216,-88.14,22.00,16.00
26/10/2016 18:49:55,69.682098,18.978216,-99.90,21.00,16.00
26/10/2016 18:49:57,69.682098,18.978216,-99.06,22.00,17.00
26/10/2016 18:49:57,69.682098,18.978216,-88.98,21.00,16.00
26/10/2016 18:50:0,69.682098,18.978216,-99.06,21.00,16.00
26/10/2016 18:50:4,69.682098,18.978216,-82.26,21.00,16.00
26/10/2016 18:50:7,69.682098,18.978216,-98.22,22.00,17.00
26/10/2016 18:50:7,69.682098,18.978216,-92.34,21.00,16.00
26/10/2016 18:50:9,69.682098,18.978216,-85.62,22.00,16.00
26/10/2016 18:50:14,69.682098,18.978216,-95.70,22.00,17.00
26/10/2016 18:50:19,69.682098,18.978216,-98.22,22.00,17.00
26/10/2016 18:50:19,69.682098,18.978216,-86.46,21.00,16.00
26/10/2016 18:50:19,69.682098,18.978216,-90.66,22.00,17.00
26/10/2016 18:50:24,69.682098,18.978216,-99.06,22.00,17.00
26/10/2016 18:50:27,69.682098,18.978216,-82.26,21.00,16.00
26/10/2016 18:50:27,69.682098,18.978216,-99.90,22.00,17.00
26/10/2016 18:50:29,69.682098,18.978216,-99.06,22.00,16.00
26/10/2016 18:50:37,69.681931,18.976164,-95.70,22.00,17.00
26/10/2016 18:50:40,69.681839,18.976192,-99.06,22.00,16.00
26/10/2016 18:50:43,69.681763,18.976238,-98.22,21.00,16.00
26/10/2016 18:50:46,69.681694,18.976290,-87.30,21.00,16.00
26/10/2016 18:50:49,69.681648,18.976320,-99.90,21.00,16.00
26/10/2016 18:50:52,69.681618,18.976341,-98.22,22.00,16.00
26/10/2016 18:50:55,69.681587,18.976370,-99.90,21.00,16.00
26/10/2016 18:50:58,69.681572,18.976372,-99.90,22.00,17.00
26/10/2016 18:51:1,69.681557,18.976381,-98.22,22.00,17.00
26/10/2016 18:51:4,69.681549,18.976398,-96.54,21.00,15.00
26/10/2016 18:51:7,69.681541,18.976391,-98.22,22.00,16.00
26/10/2016 18:51:10,69.681541,18.976383,-75.54,22.00,17.00
26/10/2016 18:51:13,69.681526,18.976383,-99.06,21.00,16.00
26/10/2016 18:51:16,69.681503,18.976391,-92.34,22.00,17.00
26/10/2016 18:51:19,69.681488,18.976379,-91.50,21.00,16.00
26/10/2016 18:51:22,69.681465,18.976381,-79.74,22.00,17.00
26/10/2016 18:51:25,69.681458,18.976379,-80.58,22.00,17.00
26/10/2016 18:51:28,69.681450,18.976374,-95.70,22.00,17.00
26/10/2016 18:51:31,69.681435,18.976368,-96.54,22.00,17.00
26/10/2016 18:51:34,69.681419,18.976343,-97.38,22.00,17.00
26/10/2016 18:51:37,69.681396,18.976326,-99.90,22.00,17.00
26/10/2016 18:51:40,69.681404,18.976330,-88.14,22.00,17.00
26/10/2016 18:51:43,69.681412,18.976341,-99.06,22.00,17.00
26/10/2016 18:51:46,69.681396,18.976309,-97.38,22.00,17.00
26/10/2016 18:51:49,69.681396,18.976286,-98.22,22.00,17.00
26/10/2016 18:51:52,69.681404,18.976257,-99.06,21.00,16.00
26/10/2016 18:51:55,69.681404,18.976225,-99.90,22.00,17.00
26/10/2016 18:51:58,69.681427,18.976229,-99.90,22.00,16.00
26/10/2016 18:52:1,69.681435,18.976210,-98.22,21.00,16.00
26/10/2016 18:52:4,69.681465,18.976200,-99.90,22.00,16.00
26/10/2016 18:52:7,69.681465,18.976171,-99.90,22.00,16.00
26/10/2016 18:52:10,69.681465,18.976139,-98.22,22.00,16.00
26/10/2016 18:52:13,69.681465,18.976131,-99.90,22.00,15.00
26/10/2016 18:52:16,69.681450,18.976080,-99.06,22.00,17.00
26/10/2016 18:52:19,69.681458,18.976036,-95.70,22.00,16.00
26/10/2016 18:52:22,69.681473,18.976019,-88.98,22.00,15.00
26/10/2016 18:52:25,69.681473,18.976002,-99.06,22.00,16.00
26/10/2016 18:52:28,69.681458,18.975975,-99.06,22.00,17.00
26/10/2016 18:52:31,69.681465,18.976000,-98.22,21.00,16.00
26/10/2016 18:52:34,69.681473,18.975975,-97.38,22.00,16.00
26/10/2016 18:52:37,69.681488,18.975904,-98.22,34.00,21.00
26/10/2016 18:52:40,69.681503,18.975895,-99.90,22.00,15.00
26/10/2016 18:52:43,69.681526,18.975920,-99.06,22.00,17.00
26/10/2016 18:52:46,69.681503,18.975937,-99.06,21.00,16.00
26/10/2016 18:52:49,69.681503,18.975924,-97.38,22.00,17.00
26/10/2016 18:52:52,69.681511,18.975910,-99.90,21.00,16.00
26/10/2016 18:52:55,69.681519,18.975904,-98.22,22.00,17.00
26/10/2016 18:52:58,69.681526,18.975891,-99.90,22.00,17.00
26/10/2016 18:53:1,69.681526,18.975908,-95.70,22.00,17.00
26/10/2016 18:53:4,69.681534,18.975924,-97.38,21.00,16.00
26/10/2016 18:53:7,69.681534,18.975933,-98.22,22.00,16.00
26/10/2016 18:53:10,69.681534,18.975943,-97.38,21.00,16.00
26/10/2016 18:53:13,69.681526,18.975943,-97.38,21.00,16.00
26/10/2016 18:53:16,69.681534,18.975956,-99.06,22.00,17.00
26/10/2016 18:53:19,69.681534,18.975943,-99.90,22.00,16.00
26/10/2016 18:53:22,69.681534,18.975983,-99.90,22.00,17.00
26/10/2016 18:53:25,69.681541,18.975990,-97.38,22.00,16.00
26/10/2016 18:53:28,69.681534,18.976002,-99.06,22.00,17.00
26/10/2016 18:53:31,69.681534,18.976007,-99.90,21.00,16.00
26/10/2016 18:53:34,69.681526,18.976034,-98.22,22.00,17.00
26/10/2016 18:53:37,69.681526,18.976053,-99.90,22.00,17.00
26/10/2016 18:53:40,69.681511,18.976109,-98.22,22.00,17.00
26/10/2016 18:53:43,69.681511,18.976139,-98.22,21.00,16.00
26/10/2016 18:53:46,69.681503,18.976152,-99.90,22.00,17.00
26/10/2016 18:53:49,69.681496,18.976179,-99.06,21.00,16.00
26/10/2016 18:53:52,69.681488,18.976187,-98.22,22.00,17.00
26/10/2016 18:53:55,69.681488,18.976213,-98.22,22.00,18.00
26/10/2016 18:53:58,69.681458,18.976261,-99.06,22.00,17.00
26/10/2016 18:54:1,69.681450,18.976274,-99.06,22.00,18.00
26/10/2016 18:54:4,69.681442,18.976278,-98.22,22.00,17.00
26/10/2016 18:54:7,69.681458,18.976244,-99.06,22.00,17.00
26/10/2016 18:54:10,69.681488,18.976177,-78.06,22.00,17.00
26/10/2016 18:54:13,69.681488,18.976168,-99.06,22.00,17.00
26/10/2016 18:54:16,69.681511,18.976130,-98.22,22.00,17.00
26/10/2016 18:54:19,69.681503,18.976091,-98.22,22.00,17.00
26/10/2016 18:54:22,69.681549,18.976070,-99.06,22.00,17.00
26/10/2016 18:54:25,69.681549,18.976065,-80.58,22.00,17.00
26/10/2016 18:54:28,69.681534,18.976078,-74.70,22.00,17.00
26/10/2016 18:54:31,69.681534,18.976084,-99.06,22.00,17.00
26/10/2016 18:54:34,69.681526,18.976049,-99.06,22.00,17.00
26/10/2016 18:54:37,69.681511,18.976028,-99.06,22.00,17.00
26/10/2016 18:54:40,69.681496,18.976049,-97.38,22.00,17.00
26/10/2016 18:54:43,69.681511,18.976078,-98.22,22.00,17.00
26/10/2016 18:54:46,69.681519,18.976080,-99.90,22.00,17.00
26/10/2016 18:54:49,69.681519,18.976055,-96.54,22.00,17.00
26/10/2016 18:54:52,69.681526,18.976059,-90.66,21.00,16.00
26/10/2016 18:54:55,69.681541,18.976072,-98.22,22.00,17.00
26/10/2016 18:54:58,69.681549,18.976089,-97.38,22.00,18.00
26/10/2016 18:55:1,69.681557,18.976080,-95.70,22.00,16.00
26/10/2016 18:55:4,69.681572,18.976055,-83.94,22.00,17.00
26/10/2016 18:55:7,69.681572,18.976057,-95.70,22.00,17.00
26/10/2016 18:55:10,69.681580,18.976051,-98.22,22.00,17.00
26/10/2016 18:55:13,69.681580,18.976051,-99.06,21.00,16.00
26/10/2016 18:55:16,69.681580,18.976059,-86.46,22.00,17.00
26/10/2016 18:55:19,69.681580,18.976072,-84.78,22.00,16.00
26/10/2016 18:55:22,69.681587,18.976072,-93.18,22.00,17.00
26/10/2016 18:55:25,69.681587,18.976072,-88.14,21.00,16.00
26/10/2016 18:55:28,69.681595,18.976072,-99.06,22.00,17.00
26/10/2016 18:55:31,69.681595,18.976061,-99.06,22.00,16.00
26/10/2016 18:55:34,69.681587,18.976061,-98.22,22.00,16.00
26/10/2016 18:55:37,69.681580,18.976059,-99.06,22.00,17.00
26/10/2016 18:55:40,69.681587,18.976048,-99.06,22.00,17.00
26/10/2016 18:55:43,69.681587,18.976057,-99.90,22.00,17.00
26/10/2016 18:55:46,69.681580,18.976063,-98.22,22.00,17.00
26/10/2016 18:55:49,69.681580,18.976080,-98.22,22.00,16.00
26/10/2016 18:55:52,69.681580,18.976095,-97.38,22.00,17.00
26/10/2016 18:55:55,69.681580,18.976107,-98.22,22.00,17.00
26/10/2016 18:55:58,69.681572,18.976118,-99.06,22.00,17.00
26/10/2016 18:56:1,69.681572,18.976131,-98.22,22.00,17.00
26/10/2016 18:56:4,69.681580,18.976080,-95.70,22.00,17.00
26/10/2016 18:56:7,69.681625,18.976011,-99.06,22.00,17.00
26/10/2016 18:56:10,69.681656,18.975954,-98.22,22.00,17.00
26/10/2016 18:56:13,69.681686,18.975924,-66.31,22.00,17.00
26/10/2016 18:56:16,69.681694,18.975887,-78.06,22.00,17.00
26/10/2016 18:56:19,69.681709,18.975878,-99.06,22.00,16.00
26/10/2016 18:56:22,69.681709,18.975910,-98.22,22.00,17.00
26/10/2016 18:56:25,69.681694,18.975965,-98.22,21.00,16.00
26/10/2016 18:56:28,69.681679,18.976009,-99.06,21.00,16.00
26/10/2016 18:56:31,69.681664,18.976042,-98.22,22.00,15.00
26/10/2016 18:56:34,69.681656,18.976067,-99.06,22.00,17.00
26/10/2016 18:56:37,69.681648,18.976091,-98.22,22.00,16.00
26/10/2016 18:56:40,69.681641,18.976120,-99.06,22.00,15.00
26/10/2016 18:56:43,69.681633,18.976126,-99.06,22.00,17.00
26/10/2016 18:56:46,69.681625,18.976139,-98.22,22.00,17.00
26/10/2016 18:56:49,69.681633,18.976162,-98.22,21.00,16.00
26/10/2016 18:56:52,69.681633,18.976168,-99.90,22.00,17.00
26/10/2016 18:56:55,69.681633,18.976200,-92.34,22.00,17.00
26/10/2016 18:56:58,69.681633,18.976225,-99.06,22.00,16.00
26/10/2016 18:57:1,69.681625,18.976231,-94.86,22.00,16.00
26/10/2016 18:57:4,69.681625,18.976238,-98.22,22.00,17.00
26/10/2016 18:57:7,69.681625,18.976250,-95.70,21.00,15.00
26/10/2016 18:57:10,69.681633,18.976265,-99.06,22.00,17.00
26/10/2016 18:57:13,69.681641,18.976269,-99.06,22.00,17.00
26/10/2016 18:57:16,69.681633,18.976271,-99.06,22.00,17.00
26/10/2016 18:57:19,69.681625,18.976254,-99.90,22.00,17.00
26/10/2016 18:57:22,69.681618,18.976259,-99.90,22.00,17.00
26/10/2016 18:57:25,69.681618,18.976263,-99.06,22.00,17.00
26/10/2016 18:57:28,69.681602,18.976267,-98.22,22.00,17.00
26/10/2016 18:57:31,69.681602,18.976265,-93.18,21.00,16.00
26/10/2016 18:57:34,69.681595,18.976254,-97.38,22.00,15.00
26/10/2016 18:57:37,69.681587,18.976240,-99.06,22.00,17.00
26/10/2016 18:57:40,69.681572,18.976231,-85.62,21.00,15.00
26/10/2016 18:57:43,69.681557,18.976208,-99.90,22.00,17.00
26/10/2016 18:57:46,69.681549,18.976212,-99.06,21.00,15.00
26/10/2016 18:57:49,69.681549,18.976225,-99.06,22.00,17.00
26/10/2016 18:57:52,69.681534,18.976208,-95.70,21.00,16.00
26/10/2016 18:57:55,69.681526,18.976217,-98.22,21.00,16.00
26/10/2016 18:57:58,69.681519,18.976212,-99.90,22.00,16.00
26/10/2016 18:58:1,69.681526,18.976246,-99.06,22.00,17.00
26/10/2016 18:58:4,69.681519,18.976276,-83.94,22.00,17.00
26/10/2016 18:58:7,69.681511,18.976301,-98.22,22.00,17.00
26/10/2016 18:58:10,69.681511,18.976364,-99.90,22.00,17.00
26/10/2016 18:58:13,69.681519,18.976412,-95.70,22.00,17.00
26/10/2016 18:58:16,69.681519,18.976416,-98.22,22.00,17.00
26/10/2016 18:58:19,69.681496,18.976400,-93.18,22.00,17.00
26/10/2016 18:58:22,69.681488,18.976408,-99.06,22.00,17.00
26/10/2016 18:58:25,69.681480,18.976397,-98.22,22.00,17.00
26/10/2016 18:58:28,69.681480,18.976414,-97.38,22.00,17.00
26/10/2016 18:58:31,69.681480,18.976431,-96.54,22.00,17.00
26/10/2016 18:58:34,69.681473,18.976448,-99.06,22.00,17.00
26/10/2016 18:58:37,69.681473,18.976444,-99.06,22.00,17.00
26/10/2016 18:58:40,69.681473,18.976433,-99.06,22.00,15.00
26/10/2016 18:58:43,69.681496,18.976419,-98.22,22.00,17.00
26/10/2016 18:58:46,69.681503,18.976437,-73.86,22.00,17.00
26/10/2016 18:58:49,69.681511,18.976419,-88.98,22.00,15.00
26/10/2016 18:58:52,69.681511,18.976423,-99.06,22.00,17.00
26/10/2016 18:58:55,69.681519,18.976421,-99.90,22.00,17.00
26/10/2016 18:58:58,69.681526,18.976398,-89.82,22.00,16.00
26/10/2016 18:59:1,69.681519,18.976381,-99.06,22.00,17.00
26/10/2016 18:59:4,69.681519,18.976374,-98.22,22.00,17.00
26/10/2016 18:59:7,69.681519,18.976358,-99.90,22.00,15.00
26/10/2016 18:59:10,69.681519,18.976343,-71.35,22.00,17.00
26/10/2016 18:59:13,69.681519,18.976324,-72.19,22.00,17.00
26/10/2016 18:59:16,69.681511,18.976320,-98.22,22.00,15.00
26/10/2016 18:59:19,69.681511,18.976305,-99.06,22.00,17.00
26/10/2016 18:59:22,69.681526,18.976301,-99.90,21.00,15.00
26/10/2016 18:59:25,69.681526,18.976292,-99.06,21.00,15.00
26/10/2016 18:59:28,69.681526,18.976276,-88.98,22.00,17.00
26/10/2016 18:59:31,69.681534,18.976271,-98.22,22.00,17.00
26/10/2016 18:59:34,69.681526,18.976305,-98.22,22.00,17.00
26/10/2016 18:59:37,69.681526,18.976318,-99.90,21.00,16.00
26/10/2016 18:59:40,69.681526,18.976324,-98.22,22.00,17.00
26/10/2016 18:59:43,69.681526,18.976328,-98.22,22.00,17.00
26/10/2016 18:59:46,69.681526,18.976339,-95.70,22.00,17.00
26/10/2016 18:59:49,69.681549,18.976318,-62.95,22.00,15.00
26/10/2016 18:59:52,69.681541,18.976316,-98.22,22.00,17.00
26/10/2016 18:59:55,69.681557,18.976294,-99.90,21.00,15.00
26/10/2016 18:59:58,69.681557,18.976313,-99.90,21.00,16.00
26/10/2016 19:0:1,69.681557,18.976307,-98.22,22.00,15.00
26/10/2016 19:0:4,69.681564,18.976316,-89.82,22.00,17.00
26/10/2016 19:0:7,69.681557,18.976330,-99.90,22.00,17.00
26/10/2016 19:0:10,69.681572,18.976358,-99.06,22.00,17.00
26/10/2016 19:0:13,69.681580,18.976339,-99.06,22.00,17.00
26/10/2016 19:0:16,69.681580,18.976341,-99.90,22.00,17.00
26/10/2016 19:0:19,69.681587,18.976353,-89.82,22.00,17.00
26/10/2016 19:0:22,69.681595,18.976366,-98.22,22.00,17.00
26/10/2016 19:0:25,69.681610,18.976374,-86.46,22.00,17.00
26/10/2016 19:0:28,69.681602,18.976387,-98.22,22.00,15.00
26/10/2016 19:0:31,69.681595,18.976431,-98.22,22.00,17.00
26/10/2016 19:0:34,69.681587,18.976448,-97.38,21.00,16.00
26/10/2016 19:0:37,69.681602,18.976484,-88.14,21.00,16.00
26/10/2016 19:0:40,69.681610,18.976437,-87.30,21.00,15.00
26/10/2016 19:0:43,69.681610,18.976414,-98.22,22.00,17.00
26/10/2016 19:0:46,69.681610,18.976444,-98.22,22.00,17.00
26/10/2016 19:0:49,69.681610,18.976412,-98.22,22.00,17.00
26/10/2016 19:0:52,69.681610,18.976410,-95.70,22.00,17.00
26/10/2016 19:0:55,69.681595,18.976431,-99.90,22.00,17.00
26/10/2016 19:0:58,69.681587,18.976469,-99.90,22.00,17.00
26/10/2016 19:1:1,69.681580,18.976500,-98.22,22.00,17.00
26/10/2016 19:1:4,69.681572,18.976490,-99.06,22.00,17.00
26/10/2016 19:1:7,69.681572,18.976471,-88.14,22.00,17.00
26/10/2016 19:1:10,69.681580,18.976501,-99.90,22.00,17.00
26/10/2016 19:1:13,69.681587,18.976463,-91.50,22.00,17.00
26/10/2016 19:1:16,69.681602,18.976467,-55.39,22.00,17.00
26/10/2016 19:1:19,69.681602,18.976480,-99.06,22.00,17.00
26/10/2016 19:1:22,69.681595,18.976503,-88.98,22.00,17.00
26/10/2016 19:1:25,69.681610,18.976501,-96.54,22.00,17.00
26/10/2016 19:1:28,69.681610,18.976503,-99.06,21.00,15.00
26/10/2016 19:1:31,69.681610,18.976461,-99.06,22.00,17.00
26/10/2016 19:1:34,69.681618,18.976471,-98.22,22.00,17.00
26/10/2016 19:1:37,69.681618,18.976477,-96.54,22.00,17.00
26/10/2016 19:1:40,69.681602,18.976469,-97.38,22.00,17.00
26/10/2016 19:1:43,69.681610,18.976444,-82.26,22.00,17.00
26/10/2016 19:1:46,69.681610,18.976427,-94.86,22.00,15.00
26/10/2016 19:1:49,69.681610,18.976433,-98.22,22.00,17.00
26/10/2016 19:1:52,69.681610,18.976433,-97.38,21.00,16.00
26/10/2016 19:1:55,69.681602,18.976433,-84.78,22.00,15.00
26/10/2016 19:1:58,69.681602,18.976418,-99.06,22.00,17.00
26/10/2016 19:2:1,69.681602,18.976416,-98.22,22.00,17.00
26/10/2016 19:2:4,69.681602,18.976408,-98.22,22.00,16.00
26/10/2016 19:2:7,69.681602,18.976391,-99.90,22.00,15.00
26/10/2016 19:2:10,69.681602,18.976370,-97.38,22.00,15.00
26/10/2016 19:2:13,69.681602,18.976368,-98.22,22.00,17.00
26/10/2016 19:2:16,69.681602,18.976400,-99.90,22.00,17.00
26/10/2016 19:2:19,69.681602,18.976381,-99.06,22.00,16.00
26/10/2016 19:2:22,69.681602,18.976387,-99.90,22.00,15.00
26/10/2016 19:2:25,69.681610,18.976421,-99.06,22.00,17.00
26/10/2016 19:2:28,69.681610,18.976444,-93.18,22.00,15.00
26/10/2016 19:2:31,69.681618,18.976480,-99.90,22.00,17.00
26/10/2016 19:2:34,69.681610,18.976479,-99.06,22.00,17.00
26/10/2016 19:2:37,69.681618,18.976492,-97.38,22.00,17.00
26/10/2016 19:2:40,69.681625,18.976461,-99.06,21.00,16.00
26/10/2016 19:2:43,69.681633,18.976488,-93.18,21.00,15.00
26/10/2016 19:2:46,69.681625,18.976490,-98.22,22.00,15.00
26/10/2016 19:2:49,69.681633,18.976521,-98.22,21.00,15.00
26/10/2016 19:2:52,69.681625,18.976545,-99.90,22.00,17.00
26/10/2016 19:2:55,69.681618,18.976538,-97.38,35.00,20.00
26/10/2016 19:2:58,69.681610,18.976563,-99.06,22.00,17.00
26/10/2016 19:3:1,69.681610,18.976582,-98.22,21.00,15.00
26/10/2016 19:3:4,69.681610,18.976601,-98.22,22.00,17.00
26/10/2016 19:3:7,69.681602,18.976608,-95.70,22.00,15.00
26/10/2016 19:3:10,69.681618,18.976612,-99.06,22.00,17.00
26/10/2016 19:3:13,69.681618,18.976616,-79.74,22.00,17.00
26/10/2016 19:3:16,69.681618,18.976622,-96.54,21.00,15.00
26/10/2016 19:3:19,69.681602,18.976610,-99.06,22.00,17.00
26/10/2016 19:3:22,69.681595,18.976616,-98.22,21.00,15.00
26/10/2016 19:3:25,69.681587,18.976627,-99.06,22.00,17.00
26/10/2016 19:3:28,69.681587,18.976625,-99.90,22.00,17.00
26/10/2016 19:3:31,69.681595,18.976595,-98.22,22.00,17.00
26/10/2016 19:3:34,69.681595,18.976568,-95.70,22.00,17.00
26/10/2016 19:3:37,69.681602,18.976549,-83.94,22.00,17.00
26/10/2016 19:3:40,69.681595,18.976513,-95.70,22.00,17.00
26/10/2016 19:3:43,69.681587,18.976486,-99.06,22.00,17.00
26/10/2016 19:3:46,69.681587,18.976473,-99.90,21.00,15.00
26/10/2016 19:3:49,69.681587,18.976461,-99.90,22.00,17.00
26/10/2016 19:3:52,69.681595,18.976492,-99.06,22.00,17.00
26/10/2016 19:3:55,69.681610,18.976507,-92.34,22.00,16.00
26/10/2016 19:3:58,69.681625,18.976532,-98.22,22.00,17.00
26/10/2016 19:4:1,69.681633,18.976511,-99.90,22.00,17.00
26/10/2016 19:4:4,69.681641,18.976505,-88.14,22.00,17.00
26/10/2016 19:4:7,69.681656,18.976490,-95.70,22.00,16.00
26/10/2016 19:4:10,69.681664,18.976480,-99.90,22.00,17.00
26/10/2016 19:4:13,69.681656,18.976463,-99.90,22.00,15.00
26/10/2016 19:4:16,69.681671,18.976465,-96.54,22.00,17.00
26/10/2016 19:4:19,69.681664,18.976448,-99.06,22.00,17.00
26/10/2016 19:4:22,69.681664,18.976482,-99.06,22.00,17.00
26/10/2016 19:4:25,69.681648,18.976479,-99.06,22.00,17.00
26/10/2016 19:4:28,69.681656,18.976484,-99.90,22.00,17.00
26/10/2016 19:4:31,69.681641,18.976463,-96.54,22.00,16.00
26/10/2016 19:4:34,69.681641,18.976435,-99.90,22.00,17.00
26/10/2016 19:4:37,69.681633,18.976418,-91.50,22.00,15.00
26/10/2016 19:4:40,69.681641,18.976427,-99.90,21.00,15.00
26/10/2016 19:4:43,69.681648,18.976433,-98.22,22.00,15.00
26/10/2016 19:4:46,69.681648,18.976406,-99.06,21.00,15.00
26/10/2016 19:4:49,69.681656,18.976398,-98.22,22.00,17.00
26/10/2016 19:4:52,69.681664,18.976395,-96.54,22.00,17.00
26/10/2016 19:4:55,69.681679,18.976397,-94.02,22.00,17.00
26/10/2016 19:4:58,69.681671,18.976381,-98.22,22.00,17.00
26/10/2016 19:5:1,69.681664,18.976383,-83.10,21.00,16.00
26/10/2016 19:5:4,69.681664,18.976385,-99.90,22.00,15.00
26/10/2016 19:5:7,69.681679,18.976383,-94.86,22.00,17.00
26/10/2016 19:5:10,69.681664,18.976364,-98.22,22.00,17.00
26/10/2016 19:5:13,69.681656,18.976357,-97.38,21.00,16.00
26/10/2016 19:5:16,69.681648,18.976355,-93.18,21.00,16.00
26/10/2016 19:5:19,69.681641,18.976343,-99.90,22.00,17.00
26/10/2016 19:5:22,69.681625,18.976334,-88.98,22.00,17.00
26/10/2016 19:5:25,69.681618,18.976334,-99.06,22.00,17.00
26/10/2016 19:5:28,69.681610,18.976332,-99.06,21.00,15.00
26/10/2016 19:5:31,69.681618,18.976334,-99.90,22.00,17.00
26/10/2016 19:5:34,69.681625,18.976345,-97.38,21.00,16.00
26/10/2016 19:5:37,69.681625,18.976334,-80.58,21.00,15.00
26/10/2016 19:5:40,69.681625,18.976320,-99.06,22.00,17.00
26/10/2016 19:5:43,69.681625,18.976307,-98.22,22.00,17.00
26/10/2016 19:5:46,69.681633,18.976299,-99.06,22.00,17.00
26/10/2016 19:5:49,69.681633,18.976280,-99.90,21.00,15.00
26/10/2016 19:5:52,69.681625,18.976255,-99.06,22.00,17.00
26/10/2016 19:5:55,69.681610,18.976236,-95.70,21.00,16.00
26/10/2016 19:5:58,69.681610,18.976204,-99.90,21.00,16.00
26/10/2016 19:6:1,69.681610,18.976170,-99.06,21.00,16.00
26/10/2016 19:6:4,69.681496,18.976091,-99.90,22.00,17.00
26/10/2016 19:6:7,69.681442,18.976082,-78.06,21.00,16.00
26/10/2016 19:6:10,69.681404,18.976059,-99.06,22.00,17.00
26/10/2016 19:6:13,69.681442,18.976082,-99.90,22.00,17.00
26/10/2016 19:6:16,69.681480,18.976093,-99.06,22.00,15.00
26/10/2016 19:6:19,69.681519,18.976122,-79.74,22.00,17.00
26/10/2016 19:6:22,69.681534,18.976131,-98.22,22.00,17.00
26/10/2016 19:6:25,69.681541,18.976139,-94.86,22.00,16.00
26/10/2016 19:6:28,69.681572,18.976151,-94.86,22.00,17.00
26/10/2016 19:6:31,69.681595,18.976162,-97.38,22.00,17.00
26/10/2016 19:6:34,69.681618,18.976179,-98.22,22.00,17.00
26/10/2016 19:6:37,69.681625,18.976181,-98.22,22.00,17.00
26/10/2016 19:6:40,69.681664,18.976198,-99.90,22.00,16.00
26/10/2016 19:6:43,69.681671,18.976219,-99.90,22.00,16.00
26/10/2016 19:6:46,69.681664,18.976206,-91.50,22.00,15.00
26/10/2016 19:6:49,69.681656,18.976210,-99.06,22.00,15.00
26/10/2016 19:6:52,69.681671,18.976225,-98.22,22.00,15.00
26/10/2016 19:6:55,69.681671,18.976257,-94.86,22.00,17.00
26/10/2016 19:6:58,69.681694,18.976280,-94.02,22.00,16.00
26/10/2016 19:7:1,69.681725,18.976315,-99.90,36.00,20.00
26/10/2016 19:7:4,69.681747,18.976336,-77.22,22.00,17.00
26/10/2016 19:7:7,69.681694,18.976324,-97.38,22.00,17.00
26/10/2016 19:7:10,69.681709,18.976313,-95.70,22.00,17.00
26/10/2016 19:7:13,69.681709,18.976324,-99.06,22.00,15.00
26/10/2016 19:7:16,69.681709,18.976328,-99.06,22.00,17.00
26/10/2016 19:7:19,69.681671,18.976328,-98.22,22.00,15.00
26/10/2016 19:7:22,69.681694,18.976341,-99.06,22.00,17.00
26/10/2016 19:7:25,69.681725,18.976374,-95.70,22.00,17.00
26/10/2016 19:7:28,69.681694,18.976370,-88.98,22.00,15.00
26/10/2016 19:7:31,69.681694,18.976389,-78.06,22.00,17.00
26/10/2016 19:7:34,69.681679,18.976383,-99.06,22.00,17.00
26/10/2016 19:7:37,69.681709,18.976408,-98.22,21.00,16.00
26/10/2016 19:7:40,69.681702,18.976423,-98.22,22.00,17.00
26/10/2016 19:7:43,69.681664,18.976389,-99.06,22.00,17.00
26/10/2016 19:7:46,69.681618,18.976349,-93.18,21.00,15.00
26/10/2016 19:7:49,69.681625,18.976355,-99.06,22.00,17.00
26/10/2016 19:7:52,69.681618,18.976355,-88.98,22.00,17.00
26/10/2016 19:7:55,69.681625,18.976362,-98.22,22.00,17.00
26/10/2016 19:7:58,69.681602,18.976349,-99.06,22.00,17.00
26/10/2016 19:8:1,69.681595,18.976347,-99.90,22.00,17.00
26/10/2016 19:8:4,69.681557,18.976318,-95.70,22.00,17.00
26/10/2016 19:8:7,69.681541,18.976301,-99.06,22.00,16.00
26/10/2016 19:8:10,69.681557,18.976315,-95.70,22.00,17.00
26/10/2016 19:8:13,69.681602,18.976353,-98.22,22.00,17.00
26/10/2016 19:8:16,69.681664,18.976400,-98.22,22.00,15.00
26/10/2016 19:8:19,69.681686,18.976416,-96.54,22.00,17.00
26/10/2016 19:8:22,69.681664,18.976398,-91.50,22.00,17.00
26/10/2016 19:8:25,69.681664,18.976395,-61.27,22.00,17.00
26/10/2016 19:8:28,69.681625,18.976368,-99.90,22.00,15.00
26/10/2016 19:8:31,69.681618,18.976360,-98.22,22.00,17.00
26/10/2016 19:8:34,69.681557,18.976320,-98.22,22.00,17.00
26/10/2016 19:8:37,69.681534,18.976301,-99.90,21.00,16.00
26/10/2016 19:8:40,69.681534,18.976303,-95.70,22.00,17.00
26/10/2016 19:8:43,69.681557,18.976316,-99.06,22.00,15.00
26/10/2016 19:8:46,69.681549,18.976316,-88.14,22.00,15.00
26/10/2016 19:8:49,69.681534,18.976303,-96.54,22.00,17.00
26/10/2016 19:8:52,69.681534,18.976303,-99.06,22.00,15.00
26/10/2016 19:8:52,69.681534,18.976303,-99.90,22.00,15.00
26/10/2016 19:8:52,69.681534,18.976303,-94.86,22.00,17.00
26/10/2016 19:8:57,69.681534,18.976303,-98.22,22.00,17.00
26/10/2016 19:9:2,69.681770,18.976477,-99.90,22.00,17.00
26/10/2016 19:9:5,69.681824,18.976521,-99.06,22.00,17.00
26/10/2016 19:9:8,69.681847,18.976534,-93.18,22.00,17.00
26/10/2016 19:9:11,69.681847,18.976534,-99.90,21.00,16.00
26/10/2016 19:9:11,69.681847,18.976534,-99.06,22.00,17.00
26/10/2016 19:9:11,69.681847,18.976534,-99.06,22.00,17.00
26/10/2016 19:9:16,69.681847,18.976534,-99.06,22.00,17.00
26/10/2016 19:9:21,69.681854,18.976534,-95.70,22.00,17.00
26/10/2016 19:9:24,69.681137,18.975979,-98.22,22.00,17.00
26/10/2016 19:9:27,69.680824,18.975737,-86.46,22.00,17.00
26/10/2016 19:9:30,69.680824,18.975737,-99.90,22.00,16.00
26/10/2016 19:9:30,69.680824,18.975737,-98.22,22.00,17.00
26/10/2016 19:9:30,69.680824,18.975737,-95.70,22.00,17.00
26/10/2016 19:9:38,69.680824,18.975737,-99.06,22.00,17.00
26/10/2016 19:9:38,69.680824,18.975737,-84.78,22.00,15.00
26/10/2016 19:9:38,69.680824,18.975737,-99.90,21.00,16.00
26/10/2016 19:9:43,69.680824,18.975737,-98.22,21.00,15.00
26/10/2016 19:9:46,69.680824,18.975737,-99.06,22.00,17.00
26/10/2016 19:9:51,69.679276,18.974354,-95.70,22.00,17.00
26/10/2016 19:9:54,69.679314,18.974390,-99.90,21.00,15.00
26/10/2016 19:9:57,69.679314,18.974390,-99.90,22.00,17.00
26/10/2016 19:9:57,69.679314,18.974390,-91.50,22.00,17.00
26/10/2016 19:9:57,69.679314,18.974390,-95.70,22.00,17.00
26/10/2016 19:10:2,69.679314,18.974390,-55.39,21.00,16.00
26/10/2016 19:10:5,69.679314,18.974390,-94.02,21.00,16.00
26/10/2016 19:10:5,69.679314,18.974390,-97.38,22.00,17.00
26/10/2016 19:10:12,69.679314,18.974390,-99.06,22.00,17.00
26/10/2016 19:10:12,69.679314,18.974390,-99.06,22.00,17.00
26/10/2016 19:10:12,69.679314,18.974390,-95.70,21.00,16.00
26/10/2016 19:10:20,69.681297,18.976059,-83.10,22.00,17.00
26/10/2016 19:10:23,69.681374,18.976122,-99.06,22.00,17.00
26/10/2016 19:10:26,69.681419,18.976154,-99.06,22.00,16.00
26/10/2016 19:10:29,69.681480,18.976208,-99.90,22.00,17.00
26/10/2016 19:10:32,69.681488,18.976217,-91.50,22.00,17.00
26/10/2016 19:10:35,69.681534,18.976257,-88.98,22.00,17.00
26/10/2016 19:10:38,69.681602,18.976326,-99.06,21.00,16.00
26/10/2016 19:10:41,69.681328,18.976135,-99.90,22.00,17.00
26/10/2016 19:10:44,69.680649,18.975683,-98.22,21.00,15.00
26/10/2016 19:10:47,69.680176,18.975370,-98.22,22.00,17.00
26/10/2016 19:10:50,69.679794,18.975128,-99.06,22.00,17.00
26/10/2016 19:10:53,69.679634,18.975027,-92.34,22.00,17.00
26/10/2016 19:10:56,69.679840,18.975164,-98.22,21.00,15.00
26/10/2016 19:10:59,69.680054,18.975334,-97.38,22.00,17.00
26/10/2016 19:11:2,69.680229,18.975441,-99.06,22.00,17.00
26/10/2016 19:11:5,69.680489,18.975609,-99.90,22.00,17.00
26/10/2016 19:11:8,69.680687,18.975731,-99.06,21.00,15.00
26/10/2016 19:11:11,69.680847,18.975817,-79.74,22.00,15.00
26/10/2016 19:11:14,69.680977,18.975885,-99.90,22.00,17.00
26/10/2016 19:11:17,69.681046,18.975929,-99.06,22.00,15.00
26/10/2016 19:11:20,69.681107,18.975965,-99.90,22.00,17.00
26/10/2016 19:11:23,69.681122,18.975988,-97.38,21.00,16.00
26/10/2016 19:11:26,69.681160,18.976000,-99.06,22.00,17.00
26/10/2016 19:11:29,69.681259,18.976067,-96.54,22.00,15.00
26/10/2016 19:11:32,69.681320,18.976124,-99.90,21.00,15.00
26/10/2016 19:11:35,69.681366,18.976173,-99.90,22.00,17.00
26/10/2016 19:11:38,69.681389,18.976187,-88.14,22.00,15.00
26/10/2016 19:11:41,69.681419,18.976215,-97.38,22.00,17.00
26/10/2016 19:11:44,69.681435,18.976225,-71.35,21.00,15.00
26/10/2016 19:11:47,69.681679,18.976418,-91.50,21.00,15.00
26/10/2016 19:11:50,69.682175,18.976742,-99.90,21.00,16.00
26/10/2016 19:11:53,69.682434,18.976967,-98.22,22.00,15.00
26/10/2016 19:11:56,69.682510,18.977039,-99.06,22.00,15.00
26/10/2016 19:11:59,69.682549,18.977070,-98.22,22.00,17.00
26/10/2016 19:12:2,69.682571,18.977100,-99.06,22.00,17.00
26/10/2016 19:12:5,69.682549,18.977076,-94.86,22.00,17.00
26/10/2016 19:12:8,69.682472,18.977037,-99.90,21.00,16.00
26/10/2016 19:12:11,69.682434,18.976982,-98.22,22.00,17.00
26/10/2016 19:12:14,69.682343,18.976917,-99.06,22.00,17.00
26/10/2016 19:12:17,69.682266,18.976864,-82.26,21.00,15.00
26/10/2016 19:12:20,69.682205,18.976818,-88.98,22.00,17.00
26/10/2016 19:12:23,69.682114,18.976744,-88.98,22.00,17.00
26/10/2016 19:12:26,69.682022,18.976656,-98.22,22.00,17.00
26/10/2016 19:12:29,69.681953,18.976616,-85.62,21.00,15.00
26/10/2016 19:12:32,69.681900,18.976576,-99.06,22.00,15.00
26/10/2016 19:12:35,69.681839,18.976517,-98.22,22.00,17.00
26/10/2016 19:12:38,69.681793,18.976479,-97.38,21.00,15.00
26/10/2016 19:12:41,69.681747,18.976450,-79.74,22.00,17.00
26/10/2016 19:12:44,69.681679,18.976412,-99.06,22.00,17.00
26/10/2016 19:12:47,69.681656,18.976398,-99.06,22.00,15.00
26/10/2016 19:12:50,69.681648,18.976398,-98.22,35.00,20.00
26/10/2016 19:12:53,69.681625,18.976357,-99.06,22.00,17.00
26/10/2016 19:12:56,69.681618,18.976353,-99.06,22.00,17.00
26/10/2016 19:12:59,69.681595,18.976326,-98.22,22.00,17.00
26/10/2016 19:13:2,69.681595,18.976320,-99.06,22.00,16.00
26/10/2016 19:13:5,69.681595,18.976315,-88.98,21.00,16.00
26/10/2016 19:13:8,69.681587,18.976284,-98.22,22.00,17.00
26/10/2016 19:13:11,69.681595,18.976299,-99.90,22.00,17.00
26/10/2016 19:13:14,69.681587,18.976276,-97.38,22.00,17.00
26/10/2016 19:13:17,69.681587,18.976303,-99.90,22.00,15.00
26/10/2016 19:13:20,69.681587,18.976330,-85.62,22.00,17.00
26/10/2016 19:13:23,69.681389,18.976173,-98.22,22.00,15.00
26/10/2016 19:13:26,69.681442,18.976248,-99.90,22.00,17.00
26/10/2016 19:13:29,69.681450,18.976282,-99.06,22.00,15.00
26/10/2016 19:13:32,69.681458,18.976309,-99.90,22.00,16.00
26/10/2016 19:13:35,69.681488,18.976397,-99.06,22.00,17.00
26/10/2016 19:13:38,69.681526,18.976456,-99.06,22.00,15.00
26/10/2016 19:13:41,69.681572,18.976507,-92.34,22.00,17.00
26/10/2016 19:13:44,69.681587,18.976557,-96.54,22.00,15.00
26/10/2016 19:13:47,69.681580,18.976555,-98.22,22.00,17.00
26/10/2016 19:13:50,69.681595,18.976608,-99.90,22.00,15.00
26/10/2016 19:13:53,69.681633,18.976707,-98.22,22.00,17.00
26/10/2016 19:13:56,69.681610,18.976706,-98.22,22.00,15.00
26/10/2016 19:13:59,69.681648,18.976753,-99.06,22.00,17.00
26/10/2016 19:14:2,69.681717,18.976837,-99.90,22.00,17.00
26/10/2016 19:14:5,69.681725,18.976830,-99.06,22.00,17.00
26/10/2016 19:14:8,69.681725,18.976831,-99.90,22.00,16.00
26/10/2016 19:14:11,69.681671,18.976801,-99.90,22.00,17.00
26/10/2016 19:14:14,69.681679,18.976788,-86.46,21.00,15.00
26/10/2016 19:14:17,69.681679,18.976788,-97.38,22.00,17.00
26/10/2016 19:14:17,69.681679,18.976788,-84.78,22.00,17.00
26/10/2016 19:14:17,69.681679,18.976788,-64.63,22.00,17.00
26/10/2016 19:14:22,69.681679,18.976788,-83.10,22.00,17.00
26/10/2016 19:14:25,69.681679,18.976788,-98.22,21.00,15.00
26/10/2016 19:14:25,69.681679,18.976788,-99.06,21.00,16.00
26/10/2016 19:14:27,69.681679,18.976788,-98.22,22.00,17.00
26/10/2016 19:14:32,69.681679,18.976788,-99.06,22.00,16.00
26/10/2016 19:14:34,69.681679,18.976788,-95.70,22.00,17.00
26/10/2016 19:14:34,69.681679,18.976788,-99.06,22.00,17.00
26/10/2016 19:14:37,69.681679,18.976788,-93.18,22.00,17.00
26/10/2016 19:14:41,69.681679,18.976788,-93.18,22.00,17.00
26/10/2016 19:14:44,69.681679,18.976788,-94.86,22.00,17.00
26/10/2016 19:14:44,69.681679,18.976788,-98.22,21.00,16.00
26/10/2016 19:14:46,69.681679,18.976788,-99.90,22.00,16.00
26/10/2016 19:14:54,69.682076,18.977135,-98.22,22.00,17.00
26/10/2016 19:14:57,69.682045,18.977098,-98.22,34.00,21.00
26/10/2016 19:15:0,69.682060,18.977108,-99.90,22.00,17.00
26/10/2016 19:15:3,69.681984,18.977039,-98.22,22.00,17.00
26/10/2016 19:15:6,69.682045,18.977083,-98.22,21.00,15.00
26/10/2016 19:15:9,69.682106,18.977179,-99.90,22.00,17.00
26/10/2016 19:15:12,69.682892,18.978241,-99.06,21.00,15.00
26/10/2016 19:15:15,69.682968,18.978413,-82.26,21.00,15.00
26/10/2016 19:15:18,69.682968,18.978413,-98.22,22.00,17.00
26/10/2016 19:15:18,69.682968,18.978413,-98.22,22.00,16.00
26/10/2016 19:15:18,69.682968,18.978413,-95.70,22.00,17.00
26/10/2016 19:15:26,69.682808,18.978544,-98.22,22.00,17.00
26/10/2016 19:15:29,69.682755,18.978439,-95.70,21.00,15.00
26/10/2016 19:15:32,69.682701,18.978325,-99.06,22.00,17.00
26/10/2016 19:15:35,69.682640,18.978283,-96.54,35.00,20.00
26/10/2016 19:15:38,69.682640,18.978283,-99.06,22.00,17.00
26/10/2016 19:15:38,69.682640,18.978283,-99.06,22.00,17.00
26/10/2016 19:15:38,69.682640,18.978283,-94.02,22.00,17.00
26/10/2016 19:15:46,69.682198,18.977018,-98.22,22.00,17.00
26/10/2016 19:15:49,69.682014,18.976728,-98.22,22.00,15.00
26/10/2016 19:15:52,69.681992,18.976307,-85.62,21.00,15.00
26/10/2016 19:15:55,69.681961,18.976198,-99.06,21.00,15.00
26/10/2016 19:15:58,69.681870,18.976048,-80.58,22.00,17.00
26/10/2016 19:16:1,69.681793,18.976004,-99.06,22.00,17.00
26/10/2016 19:16:4,69.681740,18.975832,-85.62,21.00,15.00
26/10/2016 19:16:7,69.681740,18.975832,-94.02,22.00,17.00
26/10/2016 19:16:7,69.681740,18.975832,-86.46,22.00,17.00
26/10/2016 19:16:7,69.681740,18.975832,-98.22,21.00,15.00
26/10/2016 19:16:15,69.684402,18.973310,-97.38,22.00,17.00
26/10/2016 19:16:18,69.684402,18.973310,-72.19,22.00,15.00
26/10/2016 19:16:18,69.684402,18.973310,-79.74,22.00,17.00
26/10/2016 19:16:18,69.684402,18.973310,-99.90,22.00,17.00
26/10/2016 19:16:26,69.684929,18.972307,-99.06,22.00,17.00
26/10/2016 19:16:29,69.684380,18.974298,-99.06,22.00,17.00
26/10/2016 19:16:32,69.683975,18.975676,-99.90,22.00,15.00
26/10/2016 19:16:35,69.683975,18.975676,-99.90,21.00,15.00
26/10/2016 19:16:35,69.683975,18.975676,-95.70,22.00,17.00
26/10/2016 19:16:35,69.683975,18.975676,-98.22,22.00,17.00
26/10/2016 19:16:40,69.683975,18.975676,-99.90,21.00,15.00
26/10/2016 19:16:43,69.683975,18.975676,-71.35,22.00,17.00
26/10/2016 19:16:43,69.683975,18.975676,-99.06,22.00,17.00
26/10/2016 19:16:50,69.686172,18.977795,-95.70,22.00,15.00
26/10/2016 19:16:53,69.686172,18.977795,-77.22,22.00,17.00
26/10/2016 19:16:53,69.686172,18.977795,-95.70,22.00,17.00
26/10/2016 19:16:53,69.686172,18.977795,-89.82,21.00,16.00
26/10/2016 19:17:1,69.686050,18.979856,-98.22,22.00,16.00
26/10/2016 19:17:4,69.686050,18.979856,-97.38,22.00,17.00
26/10/2016 19:17:4,69.686050,18.979856,-83.10,22.00,17.00
26/10/2016 19:17:4,69.686050,18.979856,-86.46,21.00,16.00
26/10/2016 19:17:9,69.686050,18.979856,-83.94,22.00,16.00
26/10/2016 19:17:14,69.686050,18.979856,-91.50,22.00,15.00
26/10/2016 19:17:14,69.686050,18.979856,-95.70,21.00,16.00
26/10/2016 19:17:14,69.686050,18.979856,-97.38,22.00,17.00
26/10/2016 19:17:19,69.686050,18.979856,-88.98,22.00,17.00
26/10/2016 19:17:22,69.686050,18.979856,-89.82,22.00,17.00
26/10/2016 19:17:22,69.686050,18.979856,-98.22,21.00,15.00
26/10/2016 19:17:24,69.686050,18.979856,-88.14,22.00,17.00
26/10/2016 19:17:29,69.686050,18.979856,-96.54,22.00,17.00
26/10/2016 19:17:31,69.686050,18.979856,-99.06,22.00,17.00
26/10/2016 19:17:31,69.686050,18.979856,-91.50,22.00,17.00
26/10/2016 19:17:34,69.686050,18.979856,-99.90,22.00,17.00
26/10/2016 19:17:38,69.686050,18.979856,-93.18,21.00,16.00
26/10/2016 19:17:41,69.686050,18.979856,-99.90,22.00,17.00
26/10/2016 19:17:41,69.686050,18.979856,-95.70,35.00,20.00
26/10/2016 19:17:48,69.686050,18.979856,-98.22,22.00,17.00
26/10/2016 19:17:48,69.686050,18.979856,-88.98,21.00,15.00
26/10/2016 19:17:48,69.686050,18.979856,-98.22,22.00,17.00
26/10/2016 19:17:53,69.686050,18.979856,-99.06,22.00,15.00
26/10/2016 19:17:56,69.686050,18.979856,-99.06,22.00,17.00
26/10/2016 19:17:56,69.686050,18.979856,-93.18,21.00,15.00
26/10/2016 19:17:58,69.686050,18.979856,-98.22,22.00,17.00
26/10/2016 19:18:3,69.686050,18.979856,-98.22,22.00,17.00
26/10/2016 19:18:5,69.686050,18.979856,-99.06,22.00,17.00
26/10/2016 19:18:5,69.686050,18.979856,-85.62,21.00,15.00
26/10/2016 19:18:8,69.686050,18.979856,-75.54,22.00,17.00
26/10/2016 19:18:12,69.686050,18.979856,-98.22,22.00,17.00
26/10/2016 19:18:15,69.686050,18.979856,-99.90,22.00,17.00
26/10/2016 19:18:15,69.686050,18.979856,-97.38,22.00,15.00
26/10/2016 19:18:17,69.686050,18.979856,-91.50,22.00,15.00
26/10/2016 19:18:22,69.686050,18.979856,-72.19,22.00,17.00
26/10/2016 19:18:24,69.686050,18.979856,-99.06,21.00,15.00
26/10/2016 19:18:24,69.686050,18.979856,-99.90,22.00,17.00
26/10/2016 19:18:27,69.686050,18.979856,-99.06,22.00,17.00
26/10/2016 19:18:34,69.686050,18.979856,-99.90,21.00,16.00
26/10/2016 19:18:34,69.686050,18.979856,-99.06,22.00,17.00
26/10/2016 19:18:34,69.686050,18.979856,-89.82,22.00,15.00
26/10/2016 19:18:39,69.686050,18.979856,-85.62,22.00,15.00
26/10/2016 19:18:42,69.686050,18.979856,-95.70,22.00,17.00
26/10/2016 19:18:42,69.686050,18.979856,-94.86,22.00,17.00
26/10/2016 19:18:44,69.686050,18.979856,-91.50,22.00,17.00
26/10/2016 19:18:49,69.686050,18.979856,-97.38,22.00,17.00
26/10/2016 19:18:51,69.686050,18.979856,-98.22,22.00,17.00
26/10/2016 19:18:51,69.686050,18.979856,-71.35,22.00,17.00
26/10/2016 19:18:54,69.686050,18.979856,-99.06,22.00,17.00
26/10/2016 19:19:1,69.686050,18.979856,-99.06,22.00,17.00
26/10/2016 19:19:1,69.686050,18.979856,-98.22,22.00,17.00
26/10/2016 19:19:1,69.686050,18.979856,-73.86,22.00,17.00
26/10/2016 19:19:6,69.686050,18.979856,-78.06,22.00,15.00
26/10/2016 19:19:9,69.686050,18.979856,-90.66,22.00,17.00
26/10/2016 19:19:9,69.686050,18.979856,-95.70,22.00,17.00
26/10/2016 19:19:11,69.686050,18.979856,-98.22,22.00,18.00
26/10/2016 19:19:16,69.686050,18.979856,-97.38,22.00,17.00
26/10/2016 19:19:18,69.686050,18.979856,-93.18,22.00,17.00
26/10/2016 19:19:18,69.686050,18.979856,-94.86,21.00,15.00
26/10/2016 19:19:20,69.686050,18.979856,-98.22,22.00,17.00
26/10/2016 19:19:27,69.681557,18.975927,-98.22,22.00,17.00
26/10/2016 19:19:30,69.681557,18.975872,-99.06,22.00,17.00
26/10/2016 19:19:33,69.681564,18.975899,-99.90,22.00,17.00
26/10/2016 19:19:36,69.681572,18.975918,-98.22,22.00,15.00
26/10/2016 19:19:39,69.681572,18.975908,-75.54,22.00,17.00
26/10/2016 19:19:42,69.681587,18.975962,-73.86,22.00,17.00
26/10/2016 19:19:45,69.681595,18.975985,-88.98,22.00,15.00
26/10/2016 19:19:48,69.681610,18.976004,-99.06,22.00,15.00
26/10/2016 19:19:51,69.681610,18.976000,-98.22,22.00,17.00
26/10/2016 19:19:54,69.681602,18.975986,-80.58,22.00,15.00
26/10/2016 19:19:57,69.681610,18.976004,-98.22,22.00,17.00
26/10/2016 19:20:0,69.681618,18.976017,-99.06,22.00,17.00
26/10/2016 19:20:3,69.681610,18.976007,-93.18,22.00,17.00
26/10/2016 19:20:6,69.681602,18.976011,-99.06,22.00,17.00
26/10/2016 19:20:9,69.681610,18.976048,-99.06,22.00,15.00
26/10/2016 19:20:12,69.681625,18.976110,-96.54,22.00,16.00
26/10/2016 19:20:15,69.681602,18.975979,-98.22,22.00,17.00
26/10/2016 19:20:18,69.682426,18.977083,-93.18,22.00,17.00
26/10/2016 19:20:21,69.682953,18.977631,-73.02,22.00,15.00
26/10/2016 19:20:24,69.682953,18.977631,-99.90,21.00,16.00
26/10/2016 19:20:24,69.682953,18.977631,-99.90,22.00,17.00
26/10/2016 19:20:24,69.682953,18.977631,-99.06,22.00,17.00
26/10/2016 19:20:29,69.682953,18.977631,-78.06,22.00,17.00
26/10/2016 19:20:32,69.682953,18.977631,-96.54,22.00,17.00
26/10/2016 19:20:32,69.682953,18.977631,-97.38,22.00,17.00
26/10/2016 19:20:34,69.682953,18.977631,-98.22,22.00,15.00
26/10/2016 19:20:42,69.682159,18.976957,-98.22,22.00,17.00
26/10/2016 19:20:45,69.682091,18.976835,-99.06,21.00,16.00
26/10/2016 19:20:48,69.682014,18.976728,-99.06,22.00,17.00
26/10/2016 19:20:51,69.681953,18.976620,-98.22,22.00,17.00
26/10/2016 19:20:54,69.681915,18.976540,-99.90,22.00,16.00
26/10/2016 19:20:57,69.681709,18.976210,-99.06,22.00,17.00
26/10/2016 19:21:0,69.681549,18.975965,-98.22,22.00,15.00
26/10/2016 19:21:3,69.681496,18.975904,-99.06,21.00,15.00
26/10/2016 19:21:6,69.681526,18.975712,-99.90,22.00,15.00
26/10/2016 19:21:9,69.681519,18.975737,-95.70,22.00,17.00
26/10/2016 19:21:12,69.681496,18.975763,-94.86,22.00,17.00
26/10/2016 19:21:15,69.681503,18.975679,-91.50,21.00,15.00
26/10/2016 19:21:18,69.681519,18.975660,-99.06,22.00,17.00
26/10/2016 19:21:21,69.680840,18.975019,-98.22,21.00,15.00
26/10/2016 19:21:24,69.679916,18.974007,-79.74,22.00,17.00
26/10/2016 19:21:27,69.679344,18.973368,-62.95,22.00,17.00
26/10/2016 19:21:30,69.679115,18.973032,-99.90,22.00,15.00
26/10/2016 19:21:33,69.679001,18.973043,-93.18,22.00,17.00
26/10/2016 19:21:36,69.678375,18.972408,-99.06,22.00,15.00
26/10/2016 19:21:39,69.677879,18.971949,-99.06,22.00,17.00
26/10/2016 19:21:42,69.677773,18.971815,-98.22,35.00,20.00
26/10/2016 19:21:45,69.677803,18.971781,-99.06,22.00,17.00
26/10/2016 19:21:48,69.677887,18.971838,-98.22,22.00,17.00
26/10/2016 19:21:51,69.677986,18.971888,-99.06,22.00,17.00
26/10/2016 19:21:54,69.678123,18.972008,-99.06,22.00,17.00
26/10/2016 19:21:57,69.678261,18.972151,-99.06,22.00,17.00
26/10/2016 19:22:0,69.678429,18.972363,-98.22,22.00,17.00
26/10/2016 19:22:3,69.678604,18.972555,-98.22,22.00,17.00
26/10/2016 19:22:6,69.678795,18.972816,-99.06,21.00,15.00
26/10/2016 19:22:9,69.678993,18.973101,-99.90,21.00,15.00
26/10/2016 19:22:12,69.679184,18.973391,-83.94,22.00,17.00
26/10/2016 19:22:15,69.679390,18.973722,-88.14,22.00,17.00
26/10/2016 19:22:18,69.679649,18.974237,-93.18,22.00,17.00
26/10/2016 19:22:21,69.679863,18.974627,-99.90,22.00,17.00
26/10/2016 19:22:24,69.680038,18.974915,-99.06,22.00,17.00
26/10/2016 19:22:27,69.680168,18.975077,-98.22,22.00,15.00
26/10/2016 19:22:30,69.680290,18.975206,-98.22,21.00,15.00
26/10/2016 19:22:33,69.680397,18.975323,-98.22,22.00,17.00
26/10/2016 19:22:36,69.680481,18.975367,-80.58,22.00,17.00
26/10/2016 19:22:39,69.680557,18.975430,-94.02,21.00,15.00
26/10/2016 19:22:42,69.680634,18.975496,-95.70,22.00,17.00
26/10/2016 19:22:45,69.680717,18.975630,-99.06,22.00,17.00
26/10/2016 19:22:48,69.680748,18.975700,-99.06,22.00,15.00
26/10/2016 19:22:51,69.680809,18.975780,-96.54,22.00,17.00
26/10/2016 19:22:54,69.680840,18.975815,-77.22,22.00,17.00
26/10/2016 19:22:57,69.680878,18.975845,-95.70,22.00,17.00
26/10/2016 19:23:0,69.680923,18.975872,-98.22,22.00,17.00
26/10/2016 19:23:3,69.680977,18.975903,-96.54,22.00,17.00
26/10/2016 19:23:6,69.681007,18.975962,-99.06,22.00,17.00
26/10/2016 19:23:9,69.681046,18.976021,-98.22,22.00,17.00
26/10/2016 19:23:12,69.681091,18.976013,-99.06,22.00,15.00
26/10/2016 19:23:15,69.681091,18.976013,-99.90,22.00,17.00
26/10/2016 19:23:15,69.681091,18.976013,-56.23,22.00,17.00
26/10/2016 19:23:15,69.681091,18.976013,-73.02,22.00,17.00
26/10/2016 19:23:23,69.681091,18.976013,-99.90,22.00,17.00
26/10/2016 19:23:23,69.681091,18.976013,-91.50,21.00,16.00
26/10/2016 19:23:23,69.681091,18.976013,-99.90,22.00,17.00
26/10/2016 19:23:31,69.681091,18.976013,-99.06,22.00,15.00
26/10/2016 19:23:31,69.681091,18.976013,-71.35,22.00,15.00
26/10/2016 19:23:31,69.681091,18.976013,-98.22,22.00,17.00
26/10/2016 19:23:36,69.681091,18.976013,-88.98,22.00,17.00
26/10/2016 19:23:41,69.681236,18.976309,-91.50,22.00,17.00
26/10/2016 19:23:44,69.681305,18.976208,-88.14,22.00,17.00
26/10/2016 19:23:47,69.681366,18.976156,-99.06,22.00,17.00
26/10/2016 19:23:50,69.681366,18.976156,-99.90,22.00,17.00
26/10/2016 19:23:50,69.681366,18.976156,-75.54,22.00,15.00
26/10/2016 19:23:50,69.681366,18.976156,-97.38,22.00,17.00
26/10/2016 19:23:55,69.681366,18.976156,-94.86,22.00,17.00
26/10/2016 19:23:58,69.681366,18.976156,-61.27,22.00,15.00
26/10/2016 19:23:58,69.681366,18.976156,-99.06,22.00,17.00
26/10/2016 19:24:5,69.681755,18.976089,-99.06,22.00,17.00
26/10/2016 19:24:8,69.681755,18.976089,-99.90,22.00,15.00
26/10/2016 19:24:8,69.681755,18.976089,-99.06,22.00,17.00
26/10/2016 19:24:8,69.681755,18.976089,-99.06,22.00,17.00
26/10/2016 19:24:13,69.681755,18.976089,-99.06,22.00,17.00
26/10/2016 19:24:16,69.681755,18.976089,-99.06,22.00,17.00
26/10/2016 19:24:16,69.681755,18.976089,-99.90,21.00,15.00
26/10/2016 19:24:23,69.681755,18.976089,-99.06,22.00,17.00
26/10/2016 19:24:23,69.681755,18.976089,-97.38,22.00,17.00
26/10/2016 19:24:23,69.681755,18.976089,-99.90,22.00,17.00
26/10/2016 19:24:28,69.681755,18.976089,-91.50,22.00,17.00
26/10/2016 19:24:31,69.681755,18.976089,-91.50,22.00,17.00
26/10/2016 19:24:31,69.681755,18.976089,-95.70,22.00,17.00
26/10/2016 19:24:38,69.681755,18.976089,-98.22,22.00,17.00
26/10/2016 19:24:38,69.681755,18.976089,-88.98,22.00,15.00
26/10/2016 19:24:38,69.681755,18.976089,-99.06,21.00,16.00
26/10/2016 19:24:43,69.681755,18.976089,-98.22,34.00,21.00
26/10/2016 19:24:46,69.681755,18.976089,-99.06,22.00,17.00
26/10/2016 19:24:46,69.681755,18.976089,-96.54,22.00,15.00
26/10/2016 19:24:53,69.681755,18.976089,-99.90,22.00,16.00
26/10/2016 19:24:53,69.681755,18.976089,-88.98,22.00,17.00
26/10/2016 19:24:53,69.681755,18.976089,-80.58,22.00,15.00
26/10/2016 19:24:58,69.681755,18.976089,-78.06,22.00,16.00
26/10/2016 19:25:1,69.681755,18.976089,-83.10,22.00,15.00
26/10/2016 19:25:1,69.681755,18.976089,-91.50,22.00,15.00
26/10/2016 19:25:8,69.681755,18.976089,-99.06,22.00,16.00
26/10/2016 19:25:8,69.681755,18.976089,-97.38,22.00,15.00
26/10/2016 19:25:8,69.681755,18.976089,-99.06,22.00,17.00
26/10/2016 19:25:13,69.681755,18.976089,-91.50,22.00,17.00
26/10/2016 19:25:16,69.681755,18.976089,-97.38,22.00,17.00
26/10/2016 19:25:16,69.681755,18.976089,-96.54,22.00,17.00
26/10/2016 19:25:23,69.681351,18.976040,-98.22,22.00,15.00
26/10/2016 19:25:26,69.681358,18.976114,-97.38,22.00,17.00
26/10/2016 19:25:29,69.681366,18.976147,-99.90,22.00,17.00
26/10/2016 19:25:32,69.681358,18.976149,-99.06,21.00,15.00
26/10/2016 19:25:35,69.681351,18.976109,-99.90,22.00,17.00
26/10/2016 19:25:38,69.681351,18.976128,-78.06,22.00,17.00
26/10/2016 19:25:41,69.681351,18.976151,-99.06,22.00,15.00
26/10/2016 19:25:44,69.681335,18.976089,-99.06,22.00,17.00
26/10/2016 19:25:47,69.681335,18.976053,-99.06,22.00,15.00
26/10/2016 19:25:50,69.681335,18.976025,-99.90,21.00,16.00
26/10/2016 19:25:53,69.681335,18.976051,-99.90,22.00,17.00
26/10/2016 19:25:56,69.681328,18.976011,-97.38,22.00,17.00
26/10/2016 19:25:59,69.681335,18.976021,-99.90,22.00,17.00
26/10/2016 19:26:2,69.681343,18.976072,-68.83,22.00,17.00
26/10/2016 19:26:5,69.681343,18.976059,-99.06,22.00,17.00
26/10/2016 19:26:8,69.681351,18.976044,-99.90,22.00,17.00
26/10/2016 19:26:11,69.681366,18.976055,-77.22,21.00,16.00
26/10/2016 19:26:14,69.681358,18.976048,-98.22,22.00,17.00
26/10/2016 19:26:17,69.681343,18.976038,-97.38,22.00,17.00
26/10/2016 19:26:20,69.681335,18.976021,-99.06,22.00,17.00
26/10/2016 19:26:23,69.681335,18.976009,-92.34,22.00,17.00
26/10/2016 19:26:26,69.681343,18.976032,-95.70,22.00,17.00
26/10/2016 19:26:29,69.681351,18.976063,-96.54,22.00,17.00
26/10/2016 19:26:32,69.681358,18.976080,-99.90,22.00,17.00
26/10/2016 19:26:35,69.681366,18.976103,-93.18,22.00,15.00
26/10/2016 19:26:38,69.681374,18.976112,-99.06,22.00,15.00
26/10/2016 19:26:41,69.681374,18.976114,-99.06,22.00,17.00
26/10/2016 19:26:44,69.681389,18.976139,-99.90,22.00,15.00
26/10/2016 19:26:47,69.681396,18.976166,-95.70,21.00,16.00
26/10/2016 19:26:50,69.681404,18.976191,-94.86,22.00,17.00
26/10/2016 19:26:53,69.681412,18.976198,-98.22,22.00,17.00
26/10/2016 19:26:56,69.681427,18.976263,-98.22,22.00,17.00
26/10/2016 19:26:59,69.681427,18.976305,-98.22,22.00,17.00
26/10/2016 19:27:2,69.681396,18.976229,-98.22,22.00,17.00
26/10/2016 19:27:5,69.681396,18.976101,-99.06,22.00,17.00
26/10/2016 19:27:8,69.681396,18.976084,-99.06,22.00,16.00
26/10/2016 19:27:11,69.681404,18.976110,-99.90,22.00,15.00
26/10/2016 19:27:14,69.681404,18.976164,-99.06,22.00,17.00
26/10/2016 19:27:17,69.681404,18.976067,-72.19,22.00,17.00
26/10/2016 19:27:20,69.681374,18.976070,-99.06,22.00,17.00
26/10/2016 19:27:23,69.681396,18.976192,-98.22,22.00,17.00
26/10/2016 19:27:26,69.681404,18.976227,-97.38,22.00,17.00
26/10/2016 19:27:29,69.681396,18.976349,-96.54,21.00,16.00
26/10/2016 19:27:32,69.681404,18.976379,-99.06,22.00,17.00
26/10/2016 19:27:35,69.681419,18.976383,-99.06,22.00,15.00
26/10/2016 19:27:38,69.681442,18.976374,-86.46,21.00,16.00
26/10/2016 19:27:41,69.681458,18.976364,-99.06,22.00,17.00
26/10/2016 19:27:44,69.681465,18.976360,-99.06,22.00,17.00
26/10/2016 19:27:47,69.681480,18.976355,-88.14,21.00,16.00
26/10/2016 19:27:50,69.681488,18.976351,-98.22,22.00,17.00
26/10/2016 19:27:53,69.681496,18.976355,-98.22,22.00,17.00
26/10/2016 19:27:56,69.681496,18.976355,-94.02,22.00,17.00
26/10/2016 19:27:59,69.681496,18.976343,-93.18,22.00,17.00
26/10/2016 19:28:2,69.681503,18.976341,-98.22,22.00,15.00
26/10/2016 19:28:5,69.681511,18.976336,-94.86,22.00,15.00
26/10/2016 19:28:8,69.681519,18.976326,-98.22,21.00,16.00
26/10/2016 19:28:11,69.681526,18.976311,-87.30,21.00,16.00
26/10/2016 19:28:14,69.681526,18.976313,-99.90,22.00,17.00
26/10/2016 19:28:17,69.681511,18.976324,-99.06,22.00,17.00
26/10/2016 19:28:20,69.681511,18.976318,-95.70,22.00,17.00
26/10/2016 19:28:23,69.681511,18.976324,-88.98,22.00,17.00
26/10/2016 19:28:26,69.681503,18.976351,-94.02,22.00,15.00
26/10/2016 19:28:29,69.681488,18.976355,-97.38,22.00,17.00
26/10/2016 19:28:32,69.681480,18.976349,-88.98,22.00,15.00
26/10/2016 19:28:35,69.681465,18.976364,-99.06,22.00,17.00
26/10/2016 19:28:38,69.681465,18.976377,-94.86,22.00,17.00
26/10/2016 19:28:41,69.681473,18.976332,-98.22,22.00,17.00
26/10/2016 19:28:44,69.681473,18.976242,-99.06,22.00,15.00
26/10/2016 19:28:47,69.681480,18.976206,-99.90,22.00,17.00
26/10/2016 19:28:50,69.681488,18.976246,-96.54,21.00,15.00
26/10/2016 19:28:53,69.681458,18.976269,-99.90,22.00,16.00
26/10/2016 19:28:56,69.681435,18.976294,-98.22,22.00,15.00
26/10/2016 19:28:59,69.681404,18.976257,-98.22,22.00,17.00
26/10/2016 19:29:2,69.681366,18.976265,-99.90,22.00,15.00
26/10/2016 19:29:5,69.681358,18.976269,-95.70,22.00,17.00
26/10/2016 19:29:8,69.681335,18.976273,-98.22,22.00,17.00
26/10/2016 19:29:11,69.681351,18.976311,-99.06,21.00,15.00
26/10/2016 19:29:14,69.681335,18.976322,-99.90,21.00,16.00
26/10/2016 19:29:17,69.681358,18.976334,-98.22,22.00,17.00
26/10/2016 19:29:20,69.681366,18.976337,-98.22,22.00,17.00
26/10/2016 19:29:23,69.681610,18.976408,-72.19,22.00,17.00
26/10/2016 19:29:26,69.681923,18.976564,-99.06,22.00,17.00
26/10/2016 19:29:29,69.681900,18.976561,-99.90,22.00,17.00
26/10/2016 19:29:32,69.681854,18.976561,-99.06,22.00,17.00
26/10/2016 19:29:35,69.681831,18.976549,-87.30,22.00,17.00
26/10/2016 19:29:38,69.681763,18.976492,-99.06,22.00,17.00
26/10/2016 19:29:41,69.681717,18.976461,-89.82,21.00,16.00
26/10/2016 19:29:44,69.681686,18.976450,-98.22,22.00,17.00
26/10/2016 19:29:47,69.681641,18.976437,-98.22,22.00,17.00
26/10/2016 19:29:50,69.681633,18.976442,-98.22,22.00,17.00
26/10/2016 19:29:53,69.681725,18.976521,-94.02,22.00,17.00
26/10/2016 19:29:56,69.681686,18.976519,-99.06,22.00,17.00
26/10/2016 19:29:59,69.681656,18.976500,-98.22,22.00,17.00
26/10/2016 19:30:2,69.681633,18.976505,-99.06,22.00,17.00
26/10/2016 19:30:5,69.681618,18.976505,-90.66,22.00,17.00
26/10/2016 19:30:8,69.681602,18.976498,-99.90,22.00,17.00
26/10/2016 19:30:11,69.681580,18.976477,-83.10,22.00,17.00
26/10/2016 19:30:14,69.681572,18.976492,-99.90,21.00,16.00
26/10/2016 19:30:17,69.681564,18.976480,-97.38,21.00,15.00
26/10/2016 19:30:20,69.681534,18.976477,-99.06,22.00,17.00
26/10/2016 19:30:23,69.681526,18.976479,-88.98,22.00,17.00
26/10/2016 19:30:26,69.681503,18.976480,-99.90,21.00,15.00
26/10/2016 19:30:29,69.681480,18.976469,-95.70,22.00,15.00
26/10/2016 19:30:32,69.681442,18.976454,-85.62,22.00,15.00
26/10/2016 19:30:35,69.681427,18.976467,-98.22,22.00,17.00
26/10/2016 19:30:38,69.681427,18.976473,-99.90,22.00,17.00
26/10/2016 19:30:41,69.681435,18.976477,-97.38,22.00,17.00
26/10/2016 19:30:44,69.681435,18.976467,-99.90,21.00,16.00
26/10/2016 19:30:47,69.681412,18.976458,-99.06,22.00,17.00
26/10/2016 19:30:50,69.681419,18.976473,-99.90,22.00,17.00
26/10/2016 19:30:53,69.681427,18.976503,-97.38,22.00,17.00
26/10/2016 19:30:56,69.681435,18.976500,-95.70,22.00,17.00
26/10/2016 19:30:59,69.681473,18.976450,-99.90,22.00,17.00
26/10/2016 19:31:2,69.681511,18.976425,-99.06,21.00,15.00
26/10/2016 19:31:5,69.681541,18.976418,-99.90,22.00,17.00
26/10/2016 19:31:8,69.681549,18.976404,-99.90,21.00,15.00
26/10/2016 19:31:11,69.681549,18.976406,-99.06,22.00,17.00
26/10/2016 19:31:14,69.681541,18.976398,-99.06,21.00,16.00
26/10/2016 19:31:17,69.681534,18.976404,-95.70,22.00,15.00
26/10/2016 19:31:20,69.681519,18.976416,-99.90,22.00,15.00
26/10/2016 19:31:23,69.681511,18.976408,-99.90,22.00,17.00
26/10/2016 19:31:26,69.681503,18.976416,-99.90,22.00,17.00
26/10/2016 19:31:29,69.681503,18.976446,-98.22,21.00,15.00
26/10/2016 19:31:32,69.681496,18.976435,-88.14,22.00,17.00
26/10/2016 19:31:35,69.681488,18.976450,-99.06,22.00,17.00
26/10/2016 19:31:38,69.681473,18.976419,-99.90,21.00,15.00
26/10/2016 19:31:41,69.681473,18.976398,-99.06,22.00,17.00
26/10/2016 19:31:44,69.681473,18.976408,-98.22,22.00,17.00
26/10/2016 19:31:47,69.681473,18.976427,-98.22,22.00,15.00
26/10/2016 19:31:50,69.681465,18.976416,-98.22,22.00,17.00
26/10/2016 19:31:53,69.681458,18.976440,-98.22,22.00,15.00
26/10/2016 19:31:56,69.681458,18.976484,-99.06,22.00,15.00
26/10/2016 19:31:59,69.681465,18.976488,-99.90,22.00,15.00
26/10/2016 19:32:2,69.681465,18.976479,-98.22,22.00,17.00
26/10/2016 19:32:5,69.681473,18.976490,-97.38,22.00,17.00
26/10/2016 19:32:8,69.681473,18.976507,-98.22,22.00,17.00
26/10/2016 19:32:11,69.681465,18.976475,-94.02,22.00,17.00
26/10/2016 19:32:14,69.681458,18.976421,-93.18,21.00,15.00
26/10/2016 19:32:17,69.681450,18.976370,-96.54,22.00,17.00
26/10/2016 19:32:20,69.681450,18.976347,-98.22,22.00,17.00
26/10/2016 19:32:23,69.681442,18.976347,-99.90,22.00,17.00
26/10/2016 19:32:26,69.681442,18.976381,-99.06,22.00,17.00
26/10/2016 19:32:29,69.681450,18.976379,-98.22,22.00,15.00
26/10/2016 19:32:32,69.681450,18.976353,-97.38,22.00,15.00
26/10/2016 19:32:35,69.681450,18.976290,-95.70,22.00,15.00
26/10/2016 19:32:38,69.681450,18.976246,-98.22,22.00,17.00
26/10/2016 19:32:41,69.681519,18.976339,-99.06,21.00,15.00
26/10/2016 19:32:44,69.681519,18.976324,-99.06,21.00,15.00
26/10/2016 19:32:47,69.681526,18.976303,-99.90,22.00,17.00
26/10/2016 19:32:50,69.681526,18.976303,-98.22,22.00,17.00
26/10/2016 19:32:53,69.681534,18.976330,-99.90,22.00,17.00
26/10/2016 19:32:56,69.681549,18.976376,-99.90,22.00,17.00
26/10/2016 19:32:59,69.681557,18.976408,-99.90,22.00,17.00
26/10/2016 19:33:2,69.681564,18.976421,-99.90,22.00,17.00
26/10/2016 19:33:5,69.681572,18.976450,-99.90,22.00,17.00
26/10/2016 19:33:8,69.681580,18.976465,-99.90,22.00,17.00
26/10/2016 19:33:11,69.681587,18.976480,-99.06,22.00,15.00
26/10/2016 19:33:14,69.681587,18.976492,-99.06,22.00,17.00
26/10/2016 19:33:17,69.681587,18.976494,-98.22,22.00,17.00
26/10/2016 19:33:20,69.681587,18.976494,-95.70,22.00,17.00
26/10/2016 19:33:23,69.681587,18.976505,-82.26,21.00,16.00
26/10/2016 19:33:26,69.681587,18.976517,-99.90,22.00,17.00
26/10/2016 19:33:29,69.681587,18.976530,-99.90,22.00,17.00
26/10/2016 19:33:32,69.681587,18.976540,-97.38,22.00,17.00
26/10/2016 19:33:35,69.681580,18.976545,-99.90,22.00,17.00
26/10/2016 19:33:38,69.681580,18.976551,-99.06,22.00,17.00
26/10/2016 19:33:41,69.681580,18.976555,-93.18,22.00,15.00
26/10/2016 19:33:44,69.681580,18.976557,-96.54,22.00,15.00
26/10/2016 19:33:47,69.681580,18.976570,-98.22,22.00,17.00
26/10/2016 19:33:50,69.681580,18.976576,-75.54,22.00,17.00
26/10/2016 19:33:53,69.681572,18.976574,-97.38,22.00,17.00
26/10/2016 19:33:56,69.681564,18.976572,-99.06,21.00,15.00
26/10/2016 19:33:59,69.681564,18.976566,-84.78,22.00,16.00
26/10/2016 19:34:2,69.681572,18.976557,-99.06,22.00,17.00
26/10/2016 19:34:5,69.681580,18.976543,-99.90,22.00,17.00
26/10/2016 19:34:8,69.681587,18.976540,-84.78,22.00,17.00
26/10/2016 19:34:11,69.681580,18.976545,-99.06,21.00,15.00
26/10/2016 19:34:14,69.681580,18.976555,-98.22,22.00,17.00
26/10/2016 19:34:17,69.681572,18.976566,-99.06,22.00,17.00
26/10/2016 19:34:20,69.681572,18.976580,-99.06,21.00,16.00
26/10/2016 19:34:23,69.681572,18.976582,-99.06,22.00,17.00
26/10/2016 19:34:26,69.681580,18.976574,-96.54,22.00,17.00
26/10/2016 19:34:29,69.681580,18.976580,-96.54,22.00,17.00
26/10/2016 19:34:32,69.681580,18.976585,-99.06,22.00,17.00
26/10/2016 19:34:35,69.681587,18.976582,-97.38,22.00,17.00
26/10/2016 19:34:38,69.681595,18.976583,-99.90,22.00,17.00
26/10/2016 19:34:41,69.681595,18.976595,-98.22,22.00,15.00
26/10/2016 19:34:44,69.681595,18.976604,-98.22,36.00,20.00
26/10/2016 19:34:47,69.681595,18.976625,-99.90,22.00,17.00
26/10/2016 19:34:50,69.681595,18.976631,-99.90,22.00,17.00
26/10/2016 19:34:53,69.681602,18.976625,-99.06,22.00,17.00
26/10/2016 19:34:56,69.681602,18.976616,-98.22,22.00,15.00
26/10/2016 19:34:59,69.681602,18.976616,-99.06,22.00,17.00
26/10/2016 19:35:2,69.681610,18.976603,-87.30,21.00,15.00
26/10/2016 19:35:5,69.681610,18.976582,-81.42,22.00,17.00
26/10/2016 19:35:8,69.681610,18.976568,-96.54,22.00,17.00
26/10/2016 19:35:11,69.681610,18.976563,-99.06,22.00,17.00
26/10/2016 19:35:14,69.681610,18.976551,-99.06,22.00,17.00
26/10/2016 19:35:17,69.681602,18.976543,-98.22,22.00,17.00
26/10/2016 19:35:20,69.681602,18.976519,-91.50,21.00,15.00
26/10/2016 19:35:23,69.681602,18.976501,-99.90,22.00,17.00
26/10/2016 19:35:26,69.681602,18.976492,-95.70,22.00,15.00
26/10/2016 19:35:29,69.681595,18.976490,-91.50,22.00,17.00
26/10/2016 19:35:32,69.681587,18.976482,-98.22,22.00,15.00
26/10/2016 19:35:35,69.681580,18.976479,-99.90,22.00,17.00
26/10/2016 19:35:38,69.681580,18.976475,-99.06,22.00,17.00
26/10/2016 19:35:41,69.681580,18.976458,-91.50,22.00,17.00
26/10/2016 19:35:44,69.681572,18.976454,-95.70,22.00,17.00
26/10/2016 19:35:47,69.681572,18.976454,-97.38,22.00,17.00
26/10/2016 19:35:50,69.681572,18.976454,-99.06,22.00,17.00
26/10/2016 19:35:53,69.681564,18.976454,-99.90,22.00,17.00
26/10/2016 19:35:56,69.681564,18.976444,-98.22,22.00,15.00
26/10/2016 19:35:59,69.681564,18.976444,-81.42,22.00,17.00
26/10/2016 19:36:2,69.681564,18.976442,-99.90,22.00,15.00
26/10/2016 19:36:5,69.681564,18.976439,-98.22,22.00,17.00
26/10/2016 19:36:8,69.681564,18.976435,-98.22,21.00,15.00
26/10/2016 19:36:11,69.681557,18.976435,-94.02,21.00,15.00
26/10/2016 19:36:14,69.681549,18.976454,-99.06,22.00,17.00
26/10/2016 19:36:17,69.681549,18.976452,-99.06,22.00,17.00
26/10/2016 19:36:20,69.681557,18.976444,-97.38,21.00,15.00
26/10/2016 19:36:23,69.681549,18.976452,-99.06,21.00,15.00
26/10/2016 19:36:26,69.681549,18.976454,-82.26,22.00,15.00
26/10/2016 19:36:29,69.681549,18.976460,-99.06,21.00,15.00
26/10/2016 19:36:32,69.681549,18.976461,-98.22,21.00,15.00
26/10/2016 19:36:35,69.681541,18.976463,-99.06,22.00,17.00
26/10/2016 19:36:38,69.681534,18.976473,-99.90,22.00,17.00
26/10/2016 19:36:41,69.681534,18.976479,-98.22,22.00,17.00
26/10/2016 19:36:44,69.681526,18.976486,-94.86,22.00,17.00
26/10/2016 19:36:47,69.681519,18.976496,-98.22,22.00,17.00
26/10/2016 19:36:50,69.681503,18.976505,-99.06,22.00,17.00
